"","PRFG.NUMMER","startHours","endHours","startDate","endDate"
"20","EI0007",3.5,7,"2016-02-08 11:30:00","2016-02-08 15:00:00"
"21","WZ1445",0,3.5,"2016-02-08 08:00:00","2016-02-08 11:30:00"
"22","WZ3006",0,3.5,"2016-02-08 08:00:00","2016-02-08 11:30:00"
"23","CH0632",7,10.5,"2016-02-08 15:00:00","2016-02-08 18:30:00"
"24","MA9802",0,3.5,"2016-02-08 08:00:00","2016-02-08 11:30:00"
"25","WZ1456",3.5,7,"2016-02-08 11:30:00","2016-02-08 15:00:00"
"26","WZ2522",3.5,7,"2016-02-08 11:30:00","2016-02-08 15:00:00"
"27","WZ5077",0,3.5,"2016-02-08 08:00:00","2016-02-08 11:30:00"
"28","IN2062",3.5,7,"2016-02-08 11:30:00","2016-02-08 15:00:00"
"29","MA9711",0,3.5,"2016-02-08 08:00:00","2016-02-08 11:30:00"
"30","SP502100",7,10.5,"2016-02-08 15:00:00","2016-02-08 18:30:00"
"31","SP200012",0,3.5,"2016-02-08 08:00:00","2016-02-08 11:30:00"
"32","SP200002",3.5,7,"2016-02-08 11:30:00","2016-02-08 15:00:00"
"33","MW0020",3.5,7,"2016-02-08 11:30:00","2016-02-08 15:00:00"
"34","SG110310",0,3.5,"2016-02-08 08:00:00","2016-02-08 11:30:00"
"35","WZ5078",3.5,7,"2016-02-08 11:30:00","2016-02-08 15:00:00"
"36","WZ8101",3.5,7,"2016-02-08 11:30:00","2016-02-08 15:00:00"
"37","SG502190",0,3.5,"2016-02-08 08:00:00","2016-02-08 11:30:00"
"38","WZ5256",0,3.5,"2016-02-08 08:00:00","2016-02-08 11:30:00"
"39","MW1902",0,3.5,"2016-02-08 08:00:00","2016-02-08 11:30:00"
"40","MA2004",0,3.5,"2016-02-08 08:00:00","2016-02-08 11:30:00"
"41","SP200080",0,3.5,"2016-02-08 08:00:00","2016-02-08 11:30:00"
"42","MW2180",3.5,7,"2016-02-08 11:30:00","2016-02-08 15:00:00"
"43","EI0611",3.5,7,"2016-02-08 11:30:00","2016-02-08 15:00:00"
"44","CH0648",3.5,7,"2016-02-08 11:30:00","2016-02-08 15:00:00"
"45","SG120211",3.5,7,"2016-02-08 11:30:00","2016-02-08 15:00:00"
"46","PH1001",3.5,7,"2016-02-08 11:30:00","2016-02-08 15:00:00"
"47","PH9004",3.5,7,"2016-02-08 11:30:00","2016-02-08 15:00:00"
"48","EI1289",3.5,7,"2016-02-08 11:30:00","2016-02-08 15:00:00"
"49","PH9024",0,3.5,"2016-02-08 08:00:00","2016-02-08 11:30:00"
"50","SG160036",3.5,7,"2016-02-08 11:30:00","2016-02-08 15:00:00"
"51","SG800008",3.5,7,"2016-02-08 11:30:00","2016-02-08 15:00:00"
"52","SG850001",3.5,7,"2016-02-08 11:30:00","2016-02-08 15:00:00"
"53","SG110020",3.5,7,"2016-02-08 11:30:00","2016-02-08 15:00:00"
"54","CH2108",0,3.5,"2016-02-08 08:00:00","2016-02-08 11:30:00"
"55","MW0798",7,10.5,"2016-02-08 15:00:00","2016-02-08 18:30:00"
"56","MW0040",3.5,7,"2016-02-08 11:30:00","2016-02-08 15:00:00"
"57","PH9002",7,10.5,"2016-02-08 15:00:00","2016-02-08 18:30:00"
"58","WZ5088",3.5,7,"2016-02-08 11:30:00","2016-02-08 15:00:00"
"59","MW0036",7,10.5,"2016-02-08 15:00:00","2016-02-08 18:30:00"
"60","MW1980",24,27.5,"2016-02-09 08:00:00","2016-02-09 11:30:00"
"61","MW0633",24,27.5,"2016-02-09 08:00:00","2016-02-09 11:30:00"
"62","MW0047",24,27.5,"2016-02-09 08:00:00","2016-02-09 11:30:00"
"63","MW2104",24,27.5,"2016-02-09 08:00:00","2016-02-09 11:30:00"
"64","WI000219",24,27.5,"2016-02-09 08:00:00","2016-02-09 11:30:00"
"65","SG110320",24,27.5,"2016-02-09 08:00:00","2016-02-09 11:30:00"
"66","WI000218_1",24,27.5,"2016-02-09 08:00:00","2016-02-09 11:30:00"
"67","MA4405",24,27.5,"2016-02-09 08:00:00","2016-02-09 11:30:00"
"68","SG120027",24,27.5,"2016-02-09 08:00:00","2016-02-09 11:30:00"
"69","SG800002",24,27.5,"2016-02-09 08:00:00","2016-02-09 11:30:00"
"70","SG502900",24,27.5,"2016-02-09 08:00:00","2016-02-09 11:30:00"
"71","WZ5013",24,27.5,"2016-02-09 08:00:00","2016-02-09 11:30:00"
"72","MA9202",24,27.5,"2016-02-09 08:00:00","2016-02-09 11:30:00"
"73","MA3503",24,27.5,"2016-02-09 08:00:00","2016-02-09 11:30:00"
"74","MW1059",24,27.5,"2016-02-09 08:00:00","2016-02-09 11:30:00"
"75","MW0628",27.5,31,"2016-02-09 11:30:00","2016-02-09 15:00:00"
"76","CH0919",51.5,55,"2016-02-10 11:30:00","2016-02-10 15:00:00"
"77","SP502150",55,58.5,"2016-02-10 15:00:00","2016-02-10 18:30:00"
"78","EI1286",48,51.5,"2016-02-10 08:00:00","2016-02-10 11:30:00"
"79","MA3305",51.5,55,"2016-02-10 11:30:00","2016-02-10 15:00:00"
"80","MW2253",48,51.5,"2016-02-10 08:00:00","2016-02-10 11:30:00"
"81","WI001062",48,51.5,"2016-02-10 08:00:00","2016-02-10 11:30:00"
"82","WI000190",48,51.5,"2016-02-10 08:00:00","2016-02-10 11:30:00"
"83","MA1401",51.5,55,"2016-02-10 11:30:00","2016-02-10 15:00:00"
"84","MW0620",48,51.5,"2016-02-10 08:00:00","2016-02-10 11:30:00"
"85","SG110080",51.5,55,"2016-02-10 11:30:00","2016-02-10 15:00:00"
"86","MW1814",48,51.5,"2016-02-10 08:00:00","2016-02-10 11:30:00"
"87","IN2085",48,51.5,"2016-02-10 08:00:00","2016-02-10 11:30:00"
"88","MA9951",51.5,55,"2016-02-10 11:30:00","2016-02-10 15:00:00"
"89","SG7000040",48,51.5,"2016-02-10 08:00:00","2016-02-10 11:30:00"
"90","PH2043",51.5,55,"2016-02-10 11:30:00","2016-02-10 15:00:00"
"91","WZ3202",48,51.5,"2016-02-10 08:00:00","2016-02-10 11:30:00"
"92","MW0838",55,58.5,"2016-02-10 15:00:00","2016-02-10 18:30:00"
"93","WI000114",55,58.5,"2016-02-10 15:00:00","2016-02-10 18:30:00"
"94","IN0004",55,58.5,"2016-02-10 15:00:00","2016-02-10 18:30:00"
"95","EI0205",48,51.5,"2016-02-10 08:00:00","2016-02-10 11:30:00"
"96","SG120214",48,51.5,"2016-02-10 08:00:00","2016-02-10 11:30:00"
"97","SG120023",48,51.5,"2016-02-10 08:00:00","2016-02-10 11:30:00"
"98","WI000688",55,58.5,"2016-02-10 15:00:00","2016-02-10 18:30:00"
"99","MW2182",48,51.5,"2016-02-10 08:00:00","2016-02-10 11:30:00"
"100","MW2130",51.5,55,"2016-02-10 11:30:00","2016-02-10 15:00:00"
"101","WI000100",48,51.5,"2016-02-10 08:00:00","2016-02-10 11:30:00"
"102","SG110180",48,51.5,"2016-02-10 08:00:00","2016-02-10 11:30:00"
"103","CH0110",48,51.5,"2016-02-10 08:00:00","2016-02-10 11:30:00"
"104","SG110330",48,51.5,"2016-02-10 08:00:00","2016-02-10 11:30:00"
"105","MW0052",51.5,55,"2016-02-10 11:30:00","2016-02-10 15:00:00"
"106","MW1145",51.5,55,"2016-02-10 11:30:00","2016-02-10 15:00:00"
"107","IN2064",51.5,55,"2016-02-10 11:30:00","2016-02-10 15:00:00"
"108","SG700014",51.5,55,"2016-02-10 11:30:00","2016-02-10 15:00:00"
"109","MW1904",48,51.5,"2016-02-10 08:00:00","2016-02-10 11:30:00"
"110","SG850006",51.5,55,"2016-02-10 11:30:00","2016-02-10 15:00:00"
"111","WI000820",55,58.5,"2016-02-10 15:00:00","2016-02-10 18:30:00"
"112","IN0031",48,51.5,"2016-02-10 08:00:00","2016-02-10 11:30:00"
"113","SG800001",48,51.5,"2016-02-10 08:00:00","2016-02-10 11:30:00"
"114","PH0006",48,51.5,"2016-02-10 08:00:00","2016-02-10 11:30:00"
"115","MW0056",55,58.5,"2016-02-10 15:00:00","2016-02-10 18:30:00"
"116","MW0019",55,58.5,"2016-02-10 15:00:00","2016-02-10 18:30:00"
"117","CH1204",48,51.5,"2016-02-10 08:00:00","2016-02-10 11:30:00"
"118","CH0263",48,51.5,"2016-02-10 08:00:00","2016-02-10 11:30:00"
"119","WI000189",51.5,55,"2016-02-10 11:30:00","2016-02-10 15:00:00"
"120","ED0085",51.5,55,"2016-02-10 11:30:00","2016-02-10 15:00:00"
"121","MW1392",72,75.5,"2016-02-11 08:00:00","2016-02-11 11:30:00"
"122","MW1412",79,82.5,"2016-02-11 15:00:00","2016-02-11 18:30:00"
"123","WI001058",75.5,79,"2016-02-11 11:30:00","2016-02-11 15:00:00"
"124","EI0638",72,75.5,"2016-02-11 08:00:00","2016-02-11 11:30:00"
"125","WI000984",75.5,79,"2016-02-11 11:30:00","2016-02-11 15:00:00"
"126","MW1397",75.5,79,"2016-02-11 11:30:00","2016-02-11 15:00:00"
"127","SG110190",75.5,79,"2016-02-11 11:30:00","2016-02-11 15:00:00"
"128","PH2057",75.5,79,"2016-02-11 11:30:00","2016-02-11 15:00:00"
"129","MW1905",72,75.5,"2016-02-11 08:00:00","2016-02-11 11:30:00"
"130","SG800013",72,75.5,"2016-02-11 08:00:00","2016-02-11 11:30:00"
"131","WI000801",75.5,79,"2016-02-11 11:30:00","2016-02-11 15:00:00"
"132","SG1101101",72,75.5,"2016-02-11 08:00:00","2016-02-11 11:30:00"
"133","MW2202",72,75.5,"2016-02-11 08:00:00","2016-02-11 11:30:00"
"134","WZ0011",75.5,79,"2016-02-11 11:30:00","2016-02-11 15:00:00"
"135","SP200013",75.5,79,"2016-02-11 11:30:00","2016-02-11 15:00:00"
"136","MW0884",72,75.5,"2016-02-11 08:00:00","2016-02-11 11:30:00"
"137","MW0951",72,75.5,"2016-02-11 08:00:00","2016-02-11 11:30:00"
"138","SG110240",72,75.5,"2016-02-11 08:00:00","2016-02-11 11:30:00"
"139","WZ3210-1",75.5,79,"2016-02-11 11:30:00","2016-02-11 15:00:00"
"140","MA9601",79,82.5,"2016-02-11 15:00:00","2016-02-11 18:30:00"
"141","SP502130",75.5,79,"2016-02-11 11:30:00","2016-02-11 15:00:00"
"142","IN8008",75.5,79,"2016-02-11 11:30:00","2016-02-11 15:00:00"
"143","WI000729",72,75.5,"2016-02-11 08:00:00","2016-02-11 11:30:00"
"144","WZ0605",72,75.5,"2016-02-11 08:00:00","2016-02-11 11:30:00"
"145","MW2089",72,75.5,"2016-02-11 08:00:00","2016-02-11 11:30:00"
"146","WI000728",72,75.5,"2016-02-11 08:00:00","2016-02-11 11:30:00"
"147","PH0001",72,75.5,"2016-02-11 08:00:00","2016-02-11 11:30:00"
"148","WZ0815",72,75.5,"2016-02-11 08:00:00","2016-02-11 11:30:00"
"149","WZ0097",72,75.5,"2016-02-11 08:00:00","2016-02-11 11:30:00"
"150","EI0006",79,82.5,"2016-02-11 15:00:00","2016-02-11 18:30:00"
"151","MW2232",79,82.5,"2016-02-11 15:00:00","2016-02-11 18:30:00"
"152","MA4401",75.5,79,"2016-02-11 11:30:00","2016-02-11 15:00:00"
"153","IN0019",75.5,79,"2016-02-11 11:30:00","2016-02-11 15:00:00"
"154","SG120029",75.5,79,"2016-02-11 11:30:00","2016-02-11 15:00:00"
"155","WI000969",75.5,79,"2016-02-11 11:30:00","2016-02-11 15:00:00"
"156","WZ3114",75.5,79,"2016-02-11 11:30:00","2016-02-11 15:00:00"
"157","WZ5290",75.5,79,"2016-02-11 11:30:00","2016-02-11 15:00:00"
"158","MW1112",72,75.5,"2016-02-11 08:00:00","2016-02-11 11:30:00"
"159","IN8014",103,106.5,"2016-02-12 15:00:00","2016-02-12 18:30:00"
"160","IN2060",103,106.5,"2016-02-12 15:00:00","2016-02-12 18:30:00"
"161","MW0644",96,99.5,"2016-02-12 08:00:00","2016-02-12 11:30:00"
"162","SG110140",96,99.5,"2016-02-12 08:00:00","2016-02-12 11:30:00"
"163","SG850009",103,106.5,"2016-02-12 15:00:00","2016-02-12 18:30:00"
"164","WZ0088",96,99.5,"2016-02-12 08:00:00","2016-02-12 11:30:00"
"165","WZ3108",99.5,103,"2016-02-12 11:30:00","2016-02-12 15:00:00"
"166","MW1948",99.5,103,"2016-02-12 11:30:00","2016-02-12 15:00:00"
"167","EI2986",99.5,103,"2016-02-12 11:30:00","2016-02-12 15:00:00"
"168","WZ0094",103,106.5,"2016-02-12 15:00:00","2016-02-12 18:30:00"
"169","MA9602",103,106.5,"2016-02-12 15:00:00","2016-02-12 18:30:00"
"170","WZ1455",99.5,103,"2016-02-12 11:30:00","2016-02-12 15:00:00"
"171","WZ5043",96,99.5,"2016-02-12 08:00:00","2016-02-12 11:30:00"
"172","WZ8066-1",96,99.5,"2016-02-12 08:00:00","2016-02-12 11:30:00"
"173","SP502110",99.5,103,"2016-02-12 11:30:00","2016-02-12 15:00:00"
"174","SP502220",96,99.5,"2016-02-12 08:00:00","2016-02-12 11:30:00"
"175","SP502200",103,106.5,"2016-02-12 15:00:00","2016-02-12 18:30:00"
"176","MA9614",103,106.5,"2016-02-12 15:00:00","2016-02-12 18:30:00"
"177","CH0383",99.5,103,"2016-02-12 11:30:00","2016-02-12 15:00:00"
"178","IN2067",96,99.5,"2016-02-12 08:00:00","2016-02-12 11:30:00"
"179","WZ5037",96,99.5,"2016-02-12 08:00:00","2016-02-12 11:30:00"
"180","MW2086",96,99.5,"2016-02-12 08:00:00","2016-02-12 11:30:00"
"181","SG160013",96,99.5,"2016-02-12 08:00:00","2016-02-12 11:30:00"
"182","SG800009",96,99.5,"2016-02-12 08:00:00","2016-02-12 11:30:00"
"183","SG110300",99.5,103,"2016-02-12 11:30:00","2016-02-12 15:00:00"
"184","IN2092",99.5,103,"2016-02-12 11:30:00","2016-02-12 15:00:00"
"185","MA3411",99.5,103,"2016-02-12 11:30:00","2016-02-12 15:00:00"
"186","WI000220",96,99.5,"2016-02-12 08:00:00","2016-02-12 11:30:00"
"187","MW1995",103,106.5,"2016-02-12 15:00:00","2016-02-12 18:30:00"
"188","SG850004",96,99.5,"2016-02-12 08:00:00","2016-02-12 11:30:00"
"189","BGU65007P2",96,99.5,"2016-02-12 08:00:00","2016-02-12 11:30:00"
"190","SG110400",96,99.5,"2016-02-12 08:00:00","2016-02-12 11:30:00"
"191","CH0116",99.5,103,"2016-02-12 11:30:00","2016-02-12 15:00:00"
"192","WI001056",96,99.5,"2016-02-12 08:00:00","2016-02-12 11:30:00"
"193","MW2123",96,99.5,"2016-02-12 08:00:00","2016-02-12 11:30:00"
"194","SG120025",99.5,103,"2016-02-12 11:30:00","2016-02-12 15:00:00"
"195","MW1906",99.5,103,"2016-02-12 11:30:00","2016-02-12 15:00:00"
"196","BGU65007S2",96,99.5,"2016-02-12 08:00:00","2016-02-12 11:30:00"
"197","MW2117",96,99.5,"2016-02-12 08:00:00","2016-02-12 11:30:00"
"198","MW2076",96,99.5,"2016-02-12 08:00:00","2016-02-12 11:30:00"
"199","MW0833",96,99.5,"2016-02-12 08:00:00","2016-02-12 11:30:00"
"200","MW2205-2",96,99.5,"2016-02-12 08:00:00","2016-02-12 11:30:00"
"201","CH0102",99.5,103,"2016-02-12 11:30:00","2016-02-12 15:00:00"
"202","WI000023",103,106.5,"2016-02-12 15:00:00","2016-02-12 18:30:00"
"203","MA3601",103,106.5,"2016-02-12 15:00:00","2016-02-12 18:30:00"
"204","MA9609",99.5,103,"2016-02-12 11:30:00","2016-02-12 15:00:00"
"205","MA9605",103,106.5,"2016-02-12 15:00:00","2016-02-12 18:30:00"
"206","MA9615",99.5,103,"2016-02-12 11:30:00","2016-02-12 15:00:00"
"207","IN0015",123.5,127,"2016-02-13 11:30:00","2016-02-13 15:00:00"
"208","SG120020",120,123.5,"2016-02-13 08:00:00","2016-02-13 11:30:00"
"209","BGU64009",171.5,175,"2016-02-15 11:30:00","2016-02-15 15:00:00"
"210","IN8011",171.5,175,"2016-02-15 11:30:00","2016-02-15 15:00:00"
"211","IN2012",168,171.5,"2016-02-15 08:00:00","2016-02-15 11:30:00"
"212","WZ1082",171.5,175,"2016-02-15 11:30:00","2016-02-15 15:00:00"
"213","WZ0102",168,171.5,"2016-02-15 08:00:00","2016-02-15 11:30:00"
"214","PH2155",168,171.5,"2016-02-15 08:00:00","2016-02-15 11:30:00"
"215","MA9204",171.5,175,"2016-02-15 11:30:00","2016-02-15 15:00:00"
"216","WZ5231",171.5,175,"2016-02-15 11:30:00","2016-02-15 15:00:00"
"217","SP200005",171.5,175,"2016-02-15 11:30:00","2016-02-15 15:00:00"
"218","SP502500",171.5,175,"2016-02-15 11:30:00","2016-02-15 15:00:00"
"219","WI000021",168,171.5,"2016-02-15 08:00:00","2016-02-15 11:30:00"
"220","IN8020",175,178.5,"2016-02-15 15:00:00","2016-02-15 18:30:00"
"221","WZ2011",168,171.5,"2016-02-15 08:00:00","2016-02-15 11:30:00"
"222","MA3005",175,178.5,"2016-02-15 15:00:00","2016-02-15 18:30:00"
"223","IN8004",168,171.5,"2016-02-15 08:00:00","2016-02-15 11:30:00"
"224","IN0003",175,178.5,"2016-02-15 15:00:00","2016-02-15 18:30:00"
"225","WI000258",175,178.5,"2016-02-15 15:00:00","2016-02-15 18:30:00"
"226","SG1100701",168,171.5,"2016-02-15 08:00:00","2016-02-15 11:30:00"
"227","MW0043",171.5,175,"2016-02-15 11:30:00","2016-02-15 15:00:00"
"228","SG120213",171.5,175,"2016-02-15 11:30:00","2016-02-15 15:00:00"
"229","PH9009",171.5,175,"2016-02-15 11:30:00","2016-02-15 15:00:00"
"230","MA5415",168,171.5,"2016-02-15 08:00:00","2016-02-15 11:30:00"
"231","MW1969",168,171.5,"2016-02-15 08:00:00","2016-02-15 11:30:00"
"232","MA1001(v1)",171.5,175,"2016-02-15 11:30:00","2016-02-15 15:00:00"
"233","MW1817",168,171.5,"2016-02-15 08:00:00","2016-02-15 11:30:00"
"234","MW0034",168,171.5,"2016-02-15 08:00:00","2016-02-15 11:30:00"
"235","MW1990",168,171.5,"2016-02-15 08:00:00","2016-02-15 11:30:00"
"236","MW0018",168,171.5,"2016-02-15 08:00:00","2016-02-15 11:30:00"
"237","SG110450",171.5,175,"2016-02-15 11:30:00","2016-02-15 15:00:00"
"238","MA1001",171.5,175,"2016-02-15 11:30:00","2016-02-15 15:00:00"
"239","CH0105",168,171.5,"2016-02-15 08:00:00","2016-02-15 11:30:00"
"240","SG850007",168,171.5,"2016-02-15 08:00:00","2016-02-15 11:30:00"
"241","SG110410",175,178.5,"2016-02-15 15:00:00","2016-02-15 18:30:00"
"242","SG800007",171.5,175,"2016-02-15 11:30:00","2016-02-15 15:00:00"
"243","SG110050",171.5,175,"2016-02-15 11:30:00","2016-02-15 15:00:00"
"244","MW1978",175,178.5,"2016-02-15 15:00:00","2016-02-15 18:30:00"
"245","WZ0703",168,171.5,"2016-02-15 08:00:00","2016-02-15 11:30:00"
"246","CH1091",171.5,175,"2016-02-15 11:30:00","2016-02-15 15:00:00"
"247","CH0118",171.5,175,"2016-02-15 11:30:00","2016-02-15 15:00:00"
"248","SG160037",171.5,175,"2016-02-15 11:30:00","2016-02-15 15:00:00"
"249","MA1001(v2)",171.5,175,"2016-02-15 11:30:00","2016-02-15 15:00:00"
"250","EI0625",171.5,175,"2016-02-15 11:30:00","2016-02-15 15:00:00"
"251","IN0035",168,171.5,"2016-02-15 08:00:00","2016-02-15 11:30:00"
"252","CH61021",175,178.5,"2016-02-15 15:00:00","2016-02-15 18:30:00"
"253","CH0127",195.5,199,"2016-02-16 11:30:00","2016-02-16 15:00:00"
"254","SG110120",192,195.5,"2016-02-16 08:00:00","2016-02-16 11:30:00"
"255","PH9021",195.5,199,"2016-02-16 11:30:00","2016-02-16 15:00:00"
"256","MW0063",192,195.5,"2016-02-16 08:00:00","2016-02-16 11:30:00"
"257","MW0049",192,195.5,"2016-02-16 08:00:00","2016-02-16 11:30:00"
"258","MW0066",192,195.5,"2016-02-16 08:00:00","2016-02-16 11:30:00"
"259","SG110040",195.5,199,"2016-02-16 11:30:00","2016-02-16 15:00:00"
"260","MW1925",195.5,199,"2016-02-16 11:30:00","2016-02-16 15:00:00"
"261","WI001111",195.5,199,"2016-02-16 11:30:00","2016-02-16 15:00:00"
"262","WZ2017",192,195.5,"2016-02-16 08:00:00","2016-02-16 11:30:00"
"263","WI000954_2",195.5,199,"2016-02-16 11:30:00","2016-02-16 15:00:00"
"264","WI000954_1",195.5,199,"2016-02-16 11:30:00","2016-02-16 15:00:00"
"265","WI000954",195.5,199,"2016-02-16 11:30:00","2016-02-16 15:00:00"
"266","SP200018",195.5,199,"2016-02-16 11:30:00","2016-02-16 15:00:00"
"267","MW1746",199,202.5,"2016-02-16 15:00:00","2016-02-16 18:30:00"
"268","SP502160",192,195.5,"2016-02-16 08:00:00","2016-02-16 11:30:00"
"269","WZ0164",195.5,199,"2016-02-16 11:30:00","2016-02-16 15:00:00"
"270","WZ0019",192,195.5,"2016-02-16 08:00:00","2016-02-16 11:30:00"
"271","IN0034",195.5,199,"2016-02-16 11:30:00","2016-02-16 15:00:00"
"272","SG120210",192,195.5,"2016-02-16 08:00:00","2016-02-16 11:30:00"
"273","MW1984",195.5,199,"2016-02-16 11:30:00","2016-02-16 15:00:00"
"274","WZ1451",195.5,199,"2016-02-16 11:30:00","2016-02-16 15:00:00"
"275","WZ5016",199,202.5,"2016-02-16 15:00:00","2016-02-16 18:30:00"
"276","IN8005",192,195.5,"2016-02-16 08:00:00","2016-02-16 11:30:00"
"277","MA2503",199,202.5,"2016-02-16 15:00:00","2016-02-16 18:30:00"
"278","SP200001",199,202.5,"2016-02-16 15:00:00","2016-02-16 18:30:00"
"279","IN2078",195.5,199,"2016-02-16 11:30:00","2016-02-16 15:00:00"
"280","SG120021",192,195.5,"2016-02-16 08:00:00","2016-02-16 11:30:00"
"281","MW1609",195.5,199,"2016-02-16 11:30:00","2016-02-16 15:00:00"
"282","SP2000115",199,202.5,"2016-02-16 15:00:00","2016-02-16 18:30:00"
"283","SP200011",195.5,199,"2016-02-16 11:30:00","2016-02-16 15:00:00"
"284","IN0001",192,195.5,"2016-02-16 08:00:00","2016-02-16 11:30:00"
"285","MW2236",195.5,199,"2016-02-16 11:30:00","2016-02-16 15:00:00"
"286","MA3303",195.5,199,"2016-02-16 11:30:00","2016-02-16 15:00:00"
"287","WZ5134",192,195.5,"2016-02-16 08:00:00","2016-02-16 11:30:00"
"288","WZ5400",192,195.5,"2016-02-16 08:00:00","2016-02-16 11:30:00"
"289","EI0203",192,195.5,"2016-02-16 08:00:00","2016-02-16 11:30:00"
"290","MW1091",195.5,199,"2016-02-16 11:30:00","2016-02-16 15:00:00"
"291","WI001057",216,219.5,"2016-02-17 08:00:00","2016-02-17 11:30:00"
"292","WI000689",216,219.5,"2016-02-17 08:00:00","2016-02-17 11:30:00"
"293","WI000913",216,219.5,"2016-02-17 08:00:00","2016-02-17 11:30:00"
"294","IN8015",219.5,223,"2016-02-17 11:30:00","2016-02-17 15:00:00"
"295","MA2501",219.5,223,"2016-02-17 11:30:00","2016-02-17 15:00:00"
"296","PH0017",219.5,223,"2016-02-17 11:30:00","2016-02-17 15:00:00"
"297","IN1503",216,219.5,"2016-02-17 08:00:00","2016-02-17 11:30:00"
"298","MW0799",216,219.5,"2016-02-17 08:00:00","2016-02-17 11:30:00"
"299","IN2028",219.5,223,"2016-02-17 11:30:00","2016-02-17 15:00:00"
"300","SG110340",216,219.5,"2016-02-17 08:00:00","2016-02-17 11:30:00"
"301","MW2229",219.5,223,"2016-02-17 11:30:00","2016-02-17 15:00:00"
"302","MW0868",223,226.5,"2016-02-17 15:00:00","2016-02-17 18:30:00"
"303","SG800014",219.5,223,"2016-02-17 11:30:00","2016-02-17 15:00:00"
"304","EI3194",216,219.5,"2016-02-17 08:00:00","2016-02-17 11:30:00"
"305","SG120026",219.5,223,"2016-02-17 11:30:00","2016-02-17 15:00:00"
"306","MW1909",219.5,223,"2016-02-17 11:30:00","2016-02-17 15:00:00"
"307","CH0115",223,226.5,"2016-02-17 15:00:00","2016-02-17 18:30:00"
"308","CH0591",223,226.5,"2016-02-17 15:00:00","2016-02-17 18:30:00"
"309","CH5032",219.5,223,"2016-02-17 11:30:00","2016-02-17 15:00:00"
"310","WZ3107",219.5,223,"2016-02-17 11:30:00","2016-02-17 15:00:00"
"311","WZ0136",216,219.5,"2016-02-17 08:00:00","2016-02-17 11:30:00"
"312","MA3703",219.5,223,"2016-02-17 11:30:00","2016-02-17 15:00:00"
"313","MW0085",219.5,223,"2016-02-17 11:30:00","2016-02-17 15:00:00"
"314","IN0037",219.5,223,"2016-02-17 11:30:00","2016-02-17 15:00:00"
"315","CH5143",219.5,223,"2016-02-17 11:30:00","2016-02-17 15:00:00"
"316","WZ5008",216,219.5,"2016-02-17 08:00:00","2016-02-17 11:30:00"
"317","IN2021",219.5,223,"2016-02-17 11:30:00","2016-02-17 15:00:00"
"318","WI000192",216,219.5,"2016-02-17 08:00:00","2016-02-17 11:30:00"
"319","WZ0332",216,219.5,"2016-02-17 08:00:00","2016-02-17 11:30:00"
"320","SP502140",219.5,223,"2016-02-17 11:30:00","2016-02-17 15:00:00"
"321","SP502700",216,219.5,"2016-02-17 08:00:00","2016-02-17 11:30:00"
"322","WI000261",219.5,223,"2016-02-17 11:30:00","2016-02-17 15:00:00"
"323","SG120022",216,219.5,"2016-02-17 08:00:00","2016-02-17 11:30:00"
"324","WZ5245",223,226.5,"2016-02-17 15:00:00","2016-02-17 18:30:00"
"325","MA9302",240,243.5,"2016-02-18 08:00:00","2016-02-18 11:30:00"
"326","MA9411",240,243.5,"2016-02-18 08:00:00","2016-02-18 11:30:00"
"327","SG110090",240,243.5,"2016-02-18 08:00:00","2016-02-18 11:30:00"
"328","SG120212",243.5,247,"2016-02-18 11:30:00","2016-02-18 15:00:00"
"329","MW2228",243.5,247,"2016-02-18 11:30:00","2016-02-18 15:00:00"
"330","WI000775",243.5,247,"2016-02-18 11:30:00","2016-02-18 15:00:00"
"331","SG850002",243.5,247,"2016-02-18 11:30:00","2016-02-18 15:00:00"
"332","SG160038",243.5,247,"2016-02-18 11:30:00","2016-02-18 15:00:00"
"333","CH1102",243.5,247,"2016-02-18 11:30:00","2016-02-18 15:00:00"
"334","EI3181",243.5,247,"2016-02-18 11:30:00","2016-02-18 15:00:00"
"335","SG110470",243.5,247,"2016-02-18 11:30:00","2016-02-18 15:00:00"
"336","PH0003",240,243.5,"2016-02-18 08:00:00","2016-02-18 11:30:00"
"337","MA3502",243.5,247,"2016-02-18 11:30:00","2016-02-18 15:00:00"
"338","WI000276",243.5,247,"2016-02-18 11:30:00","2016-02-18 15:00:00"
"339","WZ3009",243.5,247,"2016-02-18 11:30:00","2016-02-18 15:00:00"
"340","WZ3102",240,243.5,"2016-02-18 08:00:00","2016-02-18 11:30:00"
"341","MW1921",240,243.5,"2016-02-18 08:00:00","2016-02-18 11:30:00"
"342","WZ1504",240,243.5,"2016-02-18 08:00:00","2016-02-18 11:30:00"
"343","MW1394",240,243.5,"2016-02-18 08:00:00","2016-02-18 11:30:00"
"344","MW1393",247,250.5,"2016-02-18 15:00:00","2016-02-18 18:30:00"
"345","MW1398",243.5,247,"2016-02-18 11:30:00","2016-02-18 15:00:00"
"346","WZ5039",240,243.5,"2016-02-18 08:00:00","2016-02-18 11:30:00"
"347","WZ2613",240,243.5,"2016-02-18 08:00:00","2016-02-18 11:30:00"
"348","MA0902",247,250.5,"2016-02-18 15:00:00","2016-02-18 18:30:00"
"349","MW0017",240,243.5,"2016-02-18 08:00:00","2016-02-18 11:30:00"
"350","WZ0086",243.5,247,"2016-02-18 11:30:00","2016-02-18 15:00:00"
"351","WZ2014",243.5,247,"2016-02-18 11:30:00","2016-02-18 15:00:00"
"352","WI000737",243.5,247,"2016-02-18 11:30:00","2016-02-18 15:00:00"
"353","WI000231",247,250.5,"2016-02-18 15:00:00","2016-02-18 18:30:00"
"354","IN2005",240,243.5,"2016-02-18 08:00:00","2016-02-18 11:30:00"
"355","WI000002",240,243.5,"2016-02-18 08:00:00","2016-02-18 11:30:00"
"356","WI000617",240,243.5,"2016-02-18 08:00:00","2016-02-18 11:30:00"
"357","WI001059",240,243.5,"2016-02-18 08:00:00","2016-02-18 11:30:00"
"358","WZ5054",240,243.5,"2016-02-18 08:00:00","2016-02-18 11:30:00"
"359","SP502400",243.5,247,"2016-02-18 11:30:00","2016-02-18 15:00:00"
"360","WZ50701",240,243.5,"2016-02-18 08:00:00","2016-02-18 11:30:00"
"361","SG502170",243.5,247,"2016-02-18 11:30:00","2016-02-18 15:00:00"
"362","SP502210",247,250.5,"2016-02-18 15:00:00","2016-02-18 18:30:00"
"363","WZ0179",240,243.5,"2016-02-18 08:00:00","2016-02-18 11:30:00"
"364","SG110030",240,243.5,"2016-02-18 08:00:00","2016-02-18 11:30:00"
"365","MA9804",240,243.5,"2016-02-18 08:00:00","2016-02-18 11:30:00"
"366","CH0106",243.5,247,"2016-02-18 11:30:00","2016-02-18 15:00:00"
"367","WZ2044",264,267.5,"2016-02-19 08:00:00","2016-02-19 11:30:00"
"368","CH1014",267.5,271,"2016-02-19 11:30:00","2016-02-19 15:00:00"
"369","WZ3208",267.5,271,"2016-02-19 11:30:00","2016-02-19 15:00:00"
"370","IN2189",267.5,271,"2016-02-19 11:30:00","2016-02-19 15:00:00"
"371","PH9012",267.5,271,"2016-02-19 11:30:00","2016-02-19 15:00:00"
"372","WZ4222",264,267.5,"2016-02-19 08:00:00","2016-02-19 11:30:00"
"373","WZ4131",264,267.5,"2016-02-19 08:00:00","2016-02-19 11:30:00"
"374","WZ4132",264,267.5,"2016-02-19 08:00:00","2016-02-19 11:30:00"
"375","SG110100",264,267.5,"2016-02-19 08:00:00","2016-02-19 11:30:00"
"376","EI4381",264,267.5,"2016-02-19 08:00:00","2016-02-19 11:30:00"
"377","WI000042",267.5,271,"2016-02-19 11:30:00","2016-02-19 15:00:00"
"378","SG120028",267.5,271,"2016-02-19 11:30:00","2016-02-19 15:00:00"
"379","SG800003",264,267.5,"2016-02-19 08:00:00","2016-02-19 11:30:00"
"380","WI000031",264,267.5,"2016-02-19 08:00:00","2016-02-19 11:30:00"
"381","WI000178",264,267.5,"2016-02-19 08:00:00","2016-02-19 11:30:00"
"382","SP200004",264,267.5,"2016-02-19 08:00:00","2016-02-19 11:30:00"
"383","MW1827",267.5,271,"2016-02-19 11:30:00","2016-02-19 15:00:00"
"384","SG502300",264,267.5,"2016-02-19 08:00:00","2016-02-19 11:30:00"
"385","EI2988",264,267.5,"2016-02-19 08:00:00","2016-02-19 11:30:00"
"386","MW1908",267.5,271,"2016-02-19 11:30:00","2016-02-19 15:00:00"
"387","WI000385",267.5,271,"2016-02-19 11:30:00","2016-02-19 15:00:00"
"388","MW1692",271,274.5,"2016-02-19 15:00:00","2016-02-19 18:30:00"
"389","SG110170",267.5,271,"2016-02-19 11:30:00","2016-02-19 15:00:00"
"390","EI4282",264,267.5,"2016-02-19 08:00:00","2016-02-19 11:30:00"
"391","MW0837",267.5,271,"2016-02-19 11:30:00","2016-02-19 15:00:00"
"392","MA9201",264,267.5,"2016-02-19 08:00:00","2016-02-19 11:30:00"
"393","CH0113",264,267.5,"2016-02-19 08:00:00","2016-02-19 11:30:00"
"394","EI2982",271,274.5,"2016-02-19 15:00:00","2016-02-19 18:30:00"
"395","MW0053",264,267.5,"2016-02-19 08:00:00","2016-02-19 11:30:00"
"396","MW2120",264,267.5,"2016-02-19 08:00:00","2016-02-19 11:30:00"
"397","MW0138",264,267.5,"2016-02-19 08:00:00","2016-02-19 11:30:00"
"398","SG160033",264,267.5,"2016-02-19 08:00:00","2016-02-19 11:30:00"
"399","SG850003",267.5,271,"2016-02-19 11:30:00","2016-02-19 15:00:00"
"400","MA3403",267.5,271,"2016-02-19 11:30:00","2016-02-19 15:00:00"
"401","MA1304",267.5,271,"2016-02-19 11:30:00","2016-02-19 15:00:00"
"402","CH5002",267.5,271,"2016-02-19 11:30:00","2016-02-19 15:00:00"
"403","EI0202",271,274.5,"2016-02-19 15:00:00","2016-02-19 18:30:00"
"404","SG120024",264,267.5,"2016-02-19 08:00:00","2016-02-19 11:30:00"
"405","SG110010",264,267.5,"2016-02-19 08:00:00","2016-02-19 11:30:00"
"406","WZ5297",264,267.5,"2016-02-19 08:00:00","2016-02-19 11:30:00"
"407","MA4303",336,339.5,"2016-02-22 08:00:00","2016-02-22 11:30:00"
"408","IN0021",339.5,343,"2016-02-22 11:30:00","2016-02-22 15:00:00"
"409","EI3163",336,339.5,"2016-02-22 08:00:00","2016-02-22 11:30:00"
"410","WZ5035",336,339.5,"2016-02-22 08:00:00","2016-02-22 11:30:00"
"411","WZ3235",336,339.5,"2016-02-22 08:00:00","2016-02-22 11:30:00"
"412","SG160035",339.5,343,"2016-02-22 11:30:00","2016-02-22 15:00:00"
"413","WI000275",336,339.5,"2016-02-22 08:00:00","2016-02-22 11:30:00"
"414","PH0014",339.5,343,"2016-02-22 11:30:00","2016-02-22 15:00:00"
"415","SG110440",336,339.5,"2016-02-22 08:00:00","2016-02-22 11:30:00"
"416","MW1410",339.5,343,"2016-02-22 11:30:00","2016-02-22 15:00:00"
"417","MW1940-1",339.5,343,"2016-02-22 11:30:00","2016-02-22 15:00:00"
"418","IN0009",343,346.5,"2016-02-22 15:00:00","2016-02-22 18:30:00"
"419","WI000275_1",336,339.5,"2016-02-22 08:00:00","2016-02-22 11:30:00"
"420","MA2101",339.5,343,"2016-02-22 11:30:00","2016-02-22 15:00:00"
"421","MW2152",339.5,343,"2016-02-22 11:30:00","2016-02-22 15:00:00"
"422","MW0964",336,339.5,"2016-02-22 08:00:00","2016-02-22 11:30:00"
"423","MW1913",336,339.5,"2016-02-22 08:00:00","2016-02-22 11:30:00"
"424","WI000222",336,339.5,"2016-02-22 08:00:00","2016-02-22 11:30:00"
"425","MW2110",336,339.5,"2016-02-22 08:00:00","2016-02-22 11:30:00"
"426","WI000233",339.5,343,"2016-02-22 11:30:00","2016-02-22 15:00:00"
"427","WI000027",336,339.5,"2016-02-22 08:00:00","2016-02-22 11:30:00"
"428","IN2081",336,339.5,"2016-02-22 08:00:00","2016-02-22 11:30:00"
"429","WZ5278",339.5,343,"2016-02-22 11:30:00","2016-02-22 15:00:00"
"430","PH1007",339.5,343,"2016-02-22 11:30:00","2016-02-22 15:00:00"
"431","CH1020",339.5,343,"2016-02-22 11:30:00","2016-02-22 15:00:00"
"432","WZ0092",339.5,343,"2016-02-22 11:30:00","2016-02-22 15:00:00"
"433","WZ3113",339.5,343,"2016-02-22 11:30:00","2016-02-22 15:00:00"
"434","WZ0101",336,339.5,"2016-02-22 08:00:00","2016-02-22 11:30:00"
"435","MW1409",339.5,343,"2016-02-22 11:30:00","2016-02-22 15:00:00"
"436","WZ2002",360,363.5,"2016-02-23 08:00:00","2016-02-23 11:30:00"
"437","WZ1449",360,363.5,"2016-02-23 08:00:00","2016-02-23 11:30:00"
"438","MA1101(v1)",363.5,367,"2016-02-23 11:30:00","2016-02-23 15:00:00"
"439","MA9413",363.5,367,"2016-02-23 11:30:00","2016-02-23 15:00:00"
"440","EI3198",360,363.5,"2016-02-23 08:00:00","2016-02-23 11:30:00"
"441","WZ0096",363.5,367,"2016-02-23 11:30:00","2016-02-23 15:00:00"
"442","SG110420",360,363.5,"2016-02-23 08:00:00","2016-02-23 11:30:00"
"443","WZ5012",363.5,367,"2016-02-23 11:30:00","2016-02-23 15:00:00"
"444","MW9018",360,363.5,"2016-02-23 08:00:00","2016-02-23 11:30:00"
"445","MW2244",360,363.5,"2016-02-23 08:00:00","2016-02-23 11:30:00"
"446","IN2026",363.5,367,"2016-02-23 11:30:00","2016-02-23 15:00:00"
"447","WZ2179",367,370.5,"2016-02-23 15:00:00","2016-02-23 18:30:00"
"448","WZ2015",363.5,367,"2016-02-23 11:30:00","2016-02-23 15:00:00"
"449","MW0867",360,363.5,"2016-02-23 08:00:00","2016-02-23 11:30:00"
"450","MW0080",360,363.5,"2016-02-23 08:00:00","2016-02-23 11:30:00"
"451","MW2238",363.5,367,"2016-02-23 11:30:00","2016-02-23 15:00:00"
"452","MA1101(v2)",363.5,367,"2016-02-23 11:30:00","2016-02-23 15:00:00"
"453","MA1101",363.5,367,"2016-02-23 11:30:00","2016-02-23 15:00:00"
"454","WZ3201",360,363.5,"2016-02-23 08:00:00","2016-02-23 11:30:00"
"455","MW1911",367,370.5,"2016-02-23 15:00:00","2016-02-23 18:30:00"
"456","MA3082",360,363.5,"2016-02-23 08:00:00","2016-02-23 11:30:00"
"457","MW2015",360,363.5,"2016-02-23 08:00:00","2016-02-23 11:30:00"
"458","MA9409",360,363.5,"2016-02-23 08:00:00","2016-02-23 11:30:00"
"459","CH0104",360,363.5,"2016-02-23 08:00:00","2016-02-23 11:30:00"
"460","BGU43014",363.5,367,"2016-02-23 11:30:00","2016-02-23 15:00:00"
"461","MW2282",367,370.5,"2016-02-23 15:00:00","2016-02-23 18:30:00"
"462","CH0125",391,394.5,"2016-02-24 15:00:00","2016-02-24 18:30:00"
"463","IN0008",384,387.5,"2016-02-24 08:00:00","2016-02-24 11:30:00"
"464","WI000799",391,394.5,"2016-02-24 15:00:00","2016-02-24 18:30:00"
"465","PH2041",387.5,391,"2016-02-24 11:30:00","2016-02-24 15:00:00"
"466","PH0019",387.5,391,"2016-02-24 11:30:00","2016-02-24 15:00:00"
"467","SG110110",387.5,391,"2016-02-24 11:30:00","2016-02-24 15:00:00"
"468","MA5417",384,387.5,"2016-02-24 08:00:00","2016-02-24 11:30:00"
"469","MA9301",384,387.5,"2016-02-24 08:00:00","2016-02-24 11:30:00"
"470","MW1395",384,387.5,"2016-02-24 08:00:00","2016-02-24 11:30:00"
"471","MW0120",384,387.5,"2016-02-24 08:00:00","2016-02-24 11:30:00"
"472","MW1922",384,387.5,"2016-02-24 08:00:00","2016-02-24 11:30:00"
"473","MW1141",384,387.5,"2016-02-24 08:00:00","2016-02-24 11:30:00"
"474","BV350007",387.5,391,"2016-02-24 11:30:00","2016-02-24 15:00:00"
"475","IN8012",387.5,391,"2016-02-24 11:30:00","2016-02-24 15:00:00"
"476","MA2404",391,394.5,"2016-02-24 15:00:00","2016-02-24 18:30:00"
"477","WZ2020",387.5,391,"2016-02-24 11:30:00","2016-02-24 15:00:00"
"478","WZ2602",387.5,391,"2016-02-24 11:30:00","2016-02-24 15:00:00"
"479","WZ1459",387.5,391,"2016-02-24 11:30:00","2016-02-24 15:00:00"
"480","WZ0093",384,387.5,"2016-02-24 08:00:00","2016-02-24 11:30:00"
"481","MW2257",384,387.5,"2016-02-24 08:00:00","2016-02-24 11:30:00"
"482","IN2133",387.5,391,"2016-02-24 11:30:00","2016-02-24 15:00:00"
"483","IN2089",387.5,391,"2016-02-24 11:30:00","2016-02-24 15:00:00"
"484","MW2252",387.5,391,"2016-02-24 11:30:00","2016-02-24 15:00:00"
"485","WI001060",391,394.5,"2016-02-24 15:00:00","2016-02-24 18:30:00"
"486","WI000808",391,394.5,"2016-02-24 15:00:00","2016-02-24 18:30:00"
"487","EI1116",411.5,415,"2016-02-25 11:30:00","2016-02-25 15:00:00"
"488","WZ4135",411.5,415,"2016-02-25 11:30:00","2016-02-25 15:00:00"
"489","WZ4220",411.5,415,"2016-02-25 11:30:00","2016-02-25 15:00:00"
"490","WZ4134",411.5,415,"2016-02-25 11:30:00","2016-02-25 15:00:00"
"491","WZ0095",411.5,415,"2016-02-25 11:30:00","2016-02-25 15:00:00"
"492","WI000155",408,411.5,"2016-02-25 08:00:00","2016-02-25 11:30:00"
"493","MA3001",408,411.5,"2016-02-25 08:00:00","2016-02-25 11:30:00"
"494","WZ1452",411.5,415,"2016-02-25 11:30:00","2016-02-25 15:00:00"
"495","WI100177",411.5,415,"2016-02-25 11:30:00","2016-02-25 15:00:00"
"496","MW2258",411.5,415,"2016-02-25 11:30:00","2016-02-25 15:00:00"
"497","IN2126",411.5,415,"2016-02-25 11:30:00","2016-02-25 15:00:00"
"498","IN2105",408,411.5,"2016-02-25 08:00:00","2016-02-25 11:30:00"
"499","MW0538",408,411.5,"2016-02-25 08:00:00","2016-02-25 11:30:00"
"500","MW1932",408,411.5,"2016-02-25 08:00:00","2016-02-25 11:30:00"
"501","SG110230",411.5,415,"2016-02-25 11:30:00","2016-02-25 15:00:00"
"502","WZ2016",411.5,415,"2016-02-25 11:30:00","2016-02-25 15:00:00"
"503","PH1002",411.5,415,"2016-02-25 11:30:00","2016-02-25 15:00:00"
"504","MW2237",411.5,415,"2016-02-25 11:30:00","2016-02-25 15:00:00"
"505","MW2023",415,418.5,"2016-02-25 15:00:00","2016-02-25 18:30:00"
"506","PH0016",411.5,415,"2016-02-25 11:30:00","2016-02-25 15:00:00"
"507","MA9801",411.5,415,"2016-02-25 11:30:00","2016-02-25 15:00:00"
"508","EI0620",411.5,415,"2016-02-25 11:30:00","2016-02-25 15:00:00"
"509","IN0033",411.5,415,"2016-02-25 11:30:00","2016-02-25 15:00:00"
"510","SG110130",411.5,415,"2016-02-25 11:30:00","2016-02-25 15:00:00"
"511","WZ5128",408,411.5,"2016-02-25 08:00:00","2016-02-25 11:30:00"
"512","PH9018",408,411.5,"2016-02-25 08:00:00","2016-02-25 11:30:00"
"513","EI2583",415,418.5,"2016-02-25 15:00:00","2016-02-25 18:30:00"
"514","EI0204",415,418.5,"2016-02-25 15:00:00","2016-02-25 18:30:00"
"515","IN2157",432,435.5,"2016-02-26 08:00:00","2016-02-26 11:30:00"
"516","BV000021",435.5,439,"2016-02-26 11:30:00","2016-02-26 15:00:00"
"517","EI4802",435.5,439,"2016-02-26 11:30:00","2016-02-26 15:00:00"
"518","IN2016",435.5,439,"2016-02-26 11:30:00","2016-02-26 15:00:00"
"519","BV000011",432,435.5,"2016-02-26 08:00:00","2016-02-26 11:30:00"
"520","WZ1454",432,435.5,"2016-02-26 08:00:00","2016-02-26 11:30:00"
"521","BV000001",432,435.5,"2016-02-26 08:00:00","2016-02-26 11:30:00"
"522","MW2197",435.5,439,"2016-02-26 11:30:00","2016-02-26 15:00:00"
"523","WI000405",432,435.5,"2016-02-26 08:00:00","2016-02-26 11:30:00"
"524","EI3194_1",435.5,439,"2016-02-26 11:30:00","2016-02-26 15:00:00"
"525","MW0089",432,435.5,"2016-02-26 08:00:00","2016-02-26 11:30:00"
"526","BV000004",439,442.5,"2016-02-26 15:00:00","2016-02-26 18:30:00"
"527","WI000030",432,435.5,"2016-02-26 08:00:00","2016-02-26 11:30:00"
"528","WZ5280",432,435.5,"2016-02-26 08:00:00","2016-02-26 11:30:00"
"529","WZ1453",435.5,439,"2016-02-26 11:30:00","2016-02-26 15:00:00"
"530","CH0119",432,435.5,"2016-02-26 08:00:00","2016-02-26 11:30:00"
"531","WI001077",432,435.5,"2016-02-26 08:00:00","2016-02-26 11:30:00"
"532","MA3701",432,435.5,"2016-02-26 08:00:00","2016-02-26 11:30:00"
"533","MA2203",439,442.5,"2016-02-26 15:00:00","2016-02-26 18:30:00"
"534","WI000619",439,442.5,"2016-02-26 15:00:00","2016-02-26 18:30:00"
"535","WI000020",439,442.5,"2016-02-26 15:00:00","2016-02-26 18:30:00"
"536","WZ2013",439,442.5,"2016-02-26 15:00:00","2016-02-26 18:30:00"
"537","MW0068",432,435.5,"2016-02-26 08:00:00","2016-02-26 11:30:00"
"538","MW0437",432,435.5,"2016-02-26 08:00:00","2016-02-26 11:30:00"
"539","CH0101",432,435.5,"2016-02-26 08:00:00","2016-02-26 11:30:00"
"540","SG110200",432,435.5,"2016-02-26 08:00:00","2016-02-26 11:30:00"
"541","MW1938-2",435.5,439,"2016-02-26 11:30:00","2016-02-26 15:00:00"
"542","SG110430",435.5,439,"2016-02-26 11:30:00","2016-02-26 15:00:00"
"543","MW1938-1",435.5,439,"2016-02-26 11:30:00","2016-02-26 15:00:00"
"544","MW2149",432,435.5,"2016-02-26 08:00:00","2016-02-26 11:30:00"
"545","MW0007",504,507.5,"2016-02-29 08:00:00","2016-02-29 11:30:00"
"546","MW1353",504,507.5,"2016-02-29 08:00:00","2016-02-29 11:30:00"
"547","MW1910",504,507.5,"2016-02-29 08:00:00","2016-02-29 11:30:00"
"548","MW0877",507.5,511,"2016-02-29 11:30:00","2016-02-29 15:00:00"
"549","BV410014",511,514.5,"2016-02-29 15:00:00","2016-02-29 18:30:00"
"550","SP200010",511,514.5,"2016-02-29 15:00:00","2016-02-29 18:30:00"
"551","MW1896",507.5,511,"2016-02-29 11:30:00","2016-02-29 15:00:00"
"552","MW2129",504,507.5,"2016-02-29 08:00:00","2016-02-29 11:30:00"
"553","MW2155",507.5,511,"2016-02-29 11:30:00","2016-02-29 15:00:00"
"554","SP200050",507.5,511,"2016-02-29 11:30:00","2016-02-29 15:00:00"
"555","BV000019",511,514.5,"2016-02-29 15:00:00","2016-02-29 18:30:00"
"556","BV600003",507.5,511,"2016-02-29 11:30:00","2016-02-29 15:00:00"
"557","BV000007",507.5,511,"2016-02-29 11:30:00","2016-02-29 15:00:00"
"558","BGU51017",507.5,511,"2016-02-29 11:30:00","2016-02-29 15:00:00"
"559","WZ5250",504,507.5,"2016-02-29 08:00:00","2016-02-29 11:30:00"
"560","WZ1823",504,507.5,"2016-02-29 08:00:00","2016-02-29 11:30:00"
"561","MA9803",507.5,511,"2016-02-29 11:30:00","2016-02-29 15:00:00"
"562","MA9410",504,507.5,"2016-02-29 08:00:00","2016-02-29 11:30:00"
"563","ME507",531.5,535,"2016-03-01 11:30:00","2016-03-01 15:00:00"
"564","MA9305",535,538.5,"2016-03-01 15:00:00","2016-03-01 18:30:00"
"565","MW2142",528,531.5,"2016-03-01 08:00:00","2016-03-01 11:30:00"
"566","MA9505",531.5,535,"2016-03-01 11:30:00","2016-03-01 15:00:00"
"567","MA9515",531.5,535,"2016-03-01 11:30:00","2016-03-01 15:00:00"
"568","MW0107",528,531.5,"2016-03-01 08:00:00","2016-03-01 11:30:00"
"569","BGU55027",528,531.5,"2016-03-01 08:00:00","2016-03-01 11:30:00"
"570","BV000015",528,531.5,"2016-03-01 08:00:00","2016-03-01 11:30:00"
"571","MW0003",531.5,535,"2016-03-01 11:30:00","2016-03-01 15:00:00"
"572","MW1108",528,531.5,"2016-03-01 08:00:00","2016-03-01 11:30:00"
"573","MW1918",531.5,535,"2016-03-01 11:30:00","2016-03-01 15:00:00"
"574","EI4495",531.5,535,"2016-03-01 11:30:00","2016-03-01 15:00:00"
"575","MW1694",552,555.5,"2016-03-02 08:00:00","2016-03-02 11:30:00"
"576","EI3171",555.5,559,"2016-03-02 11:30:00","2016-03-02 15:00:00"
"577","MW2224",552,555.5,"2016-03-02 08:00:00","2016-03-02 11:30:00"
"578","MW2022",555.5,559,"2016-03-02 11:30:00","2016-03-02 15:00:00"
"579","BGU65007P1",552,555.5,"2016-03-02 08:00:00","2016-03-02 11:30:00"
"580","BV000036",555.5,559,"2016-03-02 11:30:00","2016-03-02 15:00:00"
"581","BGU53034P1",552,555.5,"2016-03-02 08:00:00","2016-03-02 11:30:00"
"582","BV000009",552,555.5,"2016-03-02 08:00:00","2016-03-02 11:30:00"
"583","BGU67002",555.5,559,"2016-03-02 11:30:00","2016-03-02 15:00:00"
"584","MW1919",552,555.5,"2016-03-02 08:00:00","2016-03-02 11:30:00"
"585","MW2119",552,555.5,"2016-03-02 08:00:00","2016-03-02 11:30:00"
"586","MW0101",576,579.5,"2016-03-03 08:00:00","2016-03-03 11:30:00"
"587","MW0539",576,579.5,"2016-03-03 08:00:00","2016-03-03 11:30:00"
"588","MW1916",576,579.5,"2016-03-03 08:00:00","2016-03-03 11:30:00"
"589","MW1042",576,579.5,"2016-03-03 08:00:00","2016-03-03 11:30:00"
"590","MW1937-1",579.5,583,"2016-03-03 11:30:00","2016-03-03 15:00:00"
"591","EI5183",579.5,583,"2016-03-03 11:30:00","2016-03-03 15:00:00"
"592","WZ5251",576,579.5,"2016-03-03 08:00:00","2016-03-03 11:30:00"
"593","MW1406",579.5,583,"2016-03-03 11:30:00","2016-03-03 15:00:00"
"594","MW1937-2",576,579.5,"2016-03-03 08:00:00","2016-03-03 11:30:00"
"595","BGU51016P1",576,579.5,"2016-03-03 08:00:00","2016-03-03 11:30:00"
"596","BGU32019",579.5,583,"2016-03-03 11:30:00","2016-03-03 15:00:00"
"597","BV000016",579.5,583,"2016-03-03 11:30:00","2016-03-03 15:00:00"
"598","BV000010",576,579.5,"2016-03-03 08:00:00","2016-03-03 11:30:00"
"599","WZ1822",579.5,583,"2016-03-03 11:30:00","2016-03-03 15:00:00"
"600","PH9027",603.5,607,"2016-03-04 11:30:00","2016-03-04 15:00:00"
"601","MW2206-2",600,603.5,"2016-03-04 08:00:00","2016-03-04 11:30:00"
"602","BV000013",603.5,607,"2016-03-04 11:30:00","2016-03-04 15:00:00"
"603","MW0610",600,603.5,"2016-03-04 08:00:00","2016-03-04 11:30:00"
"604","BV000026",600,603.5,"2016-03-04 08:00:00","2016-03-04 11:30:00"
"605","BGU51014",600,603.5,"2016-03-04 08:00:00","2016-03-04 11:30:00"
"606","MW1279",600,603.5,"2016-03-04 08:00:00","2016-03-04 11:30:00"
"607","MW2128",600,603.5,"2016-03-04 08:00:00","2016-03-04 11:30:00"
"608","MW1278",607,610.5,"2016-03-04 15:00:00","2016-03-04 18:30:00"
"609","MW0124",600,603.5,"2016-03-04 08:00:00","2016-03-04 11:30:00"
"610","MW0892",600,603.5,"2016-03-04 08:00:00","2016-03-04 11:30:00"
"611","EI2294",603.5,607,"2016-03-04 11:30:00","2016-03-04 15:00:00"
"612","MW2201",603.5,607,"2016-03-04 11:30:00","2016-03-04 15:00:00"
"613","MW1405",603.5,607,"2016-03-04 11:30:00","2016-03-04 15:00:00"
"614","MW2292",603.5,607,"2016-03-04 11:30:00","2016-03-04 15:00:00"
"615","MW2020",675.5,679,"2016-03-07 11:30:00","2016-03-07 15:00:00"
"616","MW1407",675.5,679,"2016-03-07 11:30:00","2016-03-07 15:00:00"
"617","WZ1824",675.5,679,"2016-03-07 11:30:00","2016-03-07 15:00:00"
"618","MW1628",672,675.5,"2016-03-07 08:00:00","2016-03-07 11:30:00"
"619","MW0038",672,675.5,"2016-03-07 08:00:00","2016-03-07 11:30:00"
"620","BGU35008P1",675.5,679,"2016-03-07 11:30:00","2016-03-07 15:00:00"
"621","BV000002",675.5,679,"2016-03-07 11:30:00","2016-03-07 15:00:00"
"622","WZ0194",675.5,679,"2016-03-07 11:30:00","2016-03-07 15:00:00"
"623","MW1907",672,675.5,"2016-03-07 08:00:00","2016-03-07 11:30:00"
"624","WI000201",672,675.5,"2016-03-07 08:00:00","2016-03-07 11:30:00"
"625","CH6202",672,675.5,"2016-03-07 08:00:00","2016-03-07 11:30:00"
"626","MW0595",675.5,679,"2016-03-07 11:30:00","2016-03-07 15:00:00"
"627","MW0376",675.5,679,"2016-03-07 11:30:00","2016-03-07 15:00:00"
"628","CH0604",703,706.5,"2016-03-08 15:00:00","2016-03-08 18:30:00"
"629","MW1939-2",699.5,703,"2016-03-08 11:30:00","2016-03-08 15:00:00"
"630","MW0135",696,699.5,"2016-03-08 08:00:00","2016-03-08 11:30:00"
"631","MW0037",699.5,703,"2016-03-08 11:30:00","2016-03-08 15:00:00"
"632","MW1914",699.5,703,"2016-03-08 11:30:00","2016-03-08 15:00:00"
"633","MW0084",696,699.5,"2016-03-08 08:00:00","2016-03-08 11:30:00"
"634","MW1147",699.5,703,"2016-03-08 11:30:00","2016-03-08 15:00:00"
"635","MA9511",699.5,703,"2016-03-08 11:30:00","2016-03-08 15:00:00"
"636","MA9504",699.5,703,"2016-03-08 11:30:00","2016-03-08 15:00:00"
"637","MA9512",696,699.5,"2016-03-08 08:00:00","2016-03-08 11:30:00"
"638","MA9502",696,699.5,"2016-03-08 08:00:00","2016-03-08 11:30:00"
"639","MW1939-1",699.5,703,"2016-03-08 11:30:00","2016-03-08 15:00:00"
"640","CH1205",703,706.5,"2016-03-08 15:00:00","2016-03-08 18:30:00"
"641","MW2109",723.5,727,"2016-03-09 11:30:00","2016-03-09 15:00:00"
"642","MW1926",720,723.5,"2016-03-09 08:00:00","2016-03-09 11:30:00"
"643","MW1546",720,723.5,"2016-03-09 08:00:00","2016-03-09 11:30:00"
"644","MW1339",720,723.5,"2016-03-09 08:00:00","2016-03-09 11:30:00"
"645","BGU38017",723.5,727,"2016-03-09 11:30:00","2016-03-09 15:00:00"
"646","MA9517",720,723.5,"2016-03-09 08:00:00","2016-03-09 11:30:00"
"647","BV000014",723.5,727,"2016-03-09 11:30:00","2016-03-09 15:00:00"
"648","BGU32018",723.5,727,"2016-03-09 11:30:00","2016-03-09 15:00:00"
"649","BV000027",720,723.5,"2016-03-09 08:00:00","2016-03-09 11:30:00"
"650","BV000018",720,723.5,"2016-03-09 08:00:00","2016-03-09 11:30:00"
"651","BV440001 ",723.5,727,"2016-03-09 11:30:00","2016-03-09 15:00:00"
"652","MW1396",723.5,727,"2016-03-09 11:30:00","2016-03-09 15:00:00"
"653","WZ0157",720,723.5,"2016-03-09 08:00:00","2016-03-09 11:30:00"
"654","EI1182",751,754.5,"2016-03-10 15:00:00","2016-03-10 18:30:00"
"655","MA9503",744,747.5,"2016-03-10 08:00:00","2016-03-10 11:30:00"
"656","BGU42011",744,747.5,"2016-03-10 08:00:00","2016-03-10 11:30:00"
"657","BV000024",747.5,751,"2016-03-10 11:30:00","2016-03-10 15:00:00"
"658","BV000103",744,747.5,"2016-03-10 08:00:00","2016-03-10 11:30:00"
"659","MW0357",747.5,751,"2016-03-10 11:30:00","2016-03-10 15:00:00"
"660","MW0510",744,747.5,"2016-03-10 08:00:00","2016-03-10 11:30:00"
"661","MW0850",744,747.5,"2016-03-10 08:00:00","2016-03-10 11:30:00"
"662","EI3881",747.5,751,"2016-03-10 11:30:00","2016-03-10 15:00:00"
"663","MW0139",747.5,751,"2016-03-10 11:30:00","2016-03-10 15:00:00"
"664","MW2098",747.5,751,"2016-03-10 11:30:00","2016-03-10 15:00:00"
"665","MW0136",744,747.5,"2016-03-10 08:00:00","2016-03-10 11:30:00"
"666","MW1931",744,747.5,"2016-03-10 08:00:00","2016-03-10 11:30:00"
"667","MW0102",768,771.5,"2016-03-11 08:00:00","2016-03-11 11:30:00"
"668","BV000020",768,771.5,"2016-03-11 08:00:00","2016-03-11 11:30:00"
"669","MW2021",771.5,775,"2016-03-11 11:30:00","2016-03-11 15:00:00"
"670","BV000017",771.5,775,"2016-03-11 11:30:00","2016-03-11 15:00:00"
"671","BGU44011P1",771.5,775,"2016-03-11 11:30:00","2016-03-11 15:00:00"
"672","MW1012",771.5,775,"2016-03-11 11:30:00","2016-03-11 15:00:00"
"673","MW1408",768,771.5,"2016-03-11 08:00:00","2016-03-11 11:30:00"
"674","MW1927",771.5,775,"2016-03-11 11:30:00","2016-03-11 15:00:00"
"675","MW0010",768,771.5,"2016-03-11 08:00:00","2016-03-11 11:30:00"
"676","WZ0145",768,771.5,"2016-03-11 08:00:00","2016-03-11 11:30:00"
"677","IN8013",771.5,775,"2016-03-11 11:30:00","2016-03-11 15:00:00"
"678","WZ1821",771.5,775,"2016-03-11 11:30:00","2016-03-11 15:00:00"
"679","BGU38015",840,843.5,"2016-03-14 08:00:00","2016-03-14 11:30:00"
"680","WZ4136",1008,1011.5,"2016-03-21 08:00:00","2016-03-21 11:30:00"
"681","WZ5247",1011.5,1015,"2016-03-21 11:30:00","2016-03-21 15:00:00"
"682","MW1586",1008,1011.5,"2016-03-21 08:00:00","2016-03-21 11:30:00"
"683","CH2108",1015,1018.5,"2016-03-21 15:00:00","2016-03-21 18:30:00"
"684","MW1915",1011.5,1015,"2016-03-21 11:30:00","2016-03-21 15:00:00"
"685","MW2126",1011.5,1015,"2016-03-21 11:30:00","2016-03-21 15:00:00"
"686","CH0383",1011.5,1015,"2016-03-21 11:30:00","2016-03-21 15:00:00"
"687","CH0125",1008,1011.5,"2016-03-21 08:00:00","2016-03-21 11:30:00"
"688","WZ5326",1011.5,1015,"2016-03-21 11:30:00","2016-03-21 15:00:00"
"689","MW1917",1032,1035.5,"2016-03-22 08:00:00","2016-03-22 11:30:00"
"690","MW0058",1032,1035.5,"2016-03-22 08:00:00","2016-03-22 11:30:00"
"691","MW2131",1035.5,1039,"2016-03-22 11:30:00","2016-03-22 15:00:00"
"692","MW0104",1035.5,1039,"2016-03-22 11:30:00","2016-03-22 15:00:00"
"693","CH0591",1032,1035.5,"2016-03-22 08:00:00","2016-03-22 11:30:00"
"694","CH0115",1032,1035.5,"2016-03-22 08:00:00","2016-03-22 11:30:00"
"695","WZ3109",1035.5,1039,"2016-03-22 11:30:00","2016-03-22 15:00:00"
"696","WZ0146",1032,1035.5,"2016-03-22 08:00:00","2016-03-22 11:30:00"
"697","WZ5020",1032,1035.5,"2016-03-22 08:00:00","2016-03-22 11:30:00"
"698","MW0993",1056,1059.5,"2016-03-23 08:00:00","2016-03-23 11:30:00"
"699","MW1929",1056,1059.5,"2016-03-23 08:00:00","2016-03-23 11:30:00"
"700","WI000213",1080,1083.5,"2016-03-24 08:00:00","2016-03-24 11:30:00"
"701","MW1923",1080,1083.5,"2016-03-24 08:00:00","2016-03-24 11:30:00"
"702","MW0028",1080,1083.5,"2016-03-24 08:00:00","2016-03-24 11:30:00"
"703","MW0832",1080,1083.5,"2016-03-24 08:00:00","2016-03-24 11:30:00"
"704","PH9002",1087,1090.5,"2016-03-24 15:00:00","2016-03-24 18:30:00"
"705","CH0263",1083.5,1087,"2016-03-24 11:30:00","2016-03-24 15:00:00"
"706","MW0129",1083.5,1087,"2016-03-24 11:30:00","2016-03-24 15:00:00"
"707","CH5002",1175,1178.5,"2016-03-28 08:00:00","2016-03-28 11:30:00"
"708","WZ5294",1202.5,1206,"2016-03-29 11:30:00","2016-03-29 15:00:00"
"709","IN2126",1202.5,1206,"2016-03-29 11:30:00","2016-03-29 15:00:00"
"710","WZ2044",1199,1202.5,"2016-03-29 08:00:00","2016-03-29 11:30:00"
"711","MA2501",1199,1202.5,"2016-03-29 08:00:00","2016-03-29 11:30:00"
"712","IN2092",1202.5,1206,"2016-03-29 11:30:00","2016-03-29 15:00:00"
"713","PH9009",1199,1202.5,"2016-03-29 08:00:00","2016-03-29 11:30:00"
"714","MW0612",1202.5,1206,"2016-03-29 11:30:00","2016-03-29 15:00:00"
"715","MW1924",1199,1202.5,"2016-03-29 08:00:00","2016-03-29 11:30:00"
"716","IN0001",1202.5,1206,"2016-03-29 11:30:00","2016-03-29 15:00:00"
"717","MA3303",1202.5,1206,"2016-03-29 11:30:00","2016-03-29 15:00:00"
"718","PH2041",1202.5,1206,"2016-03-29 11:30:00","2016-03-29 15:00:00"
"719","MW0097",1199,1202.5,"2016-03-29 08:00:00","2016-03-29 11:30:00"
"720","PH9101",1202.5,1206,"2016-03-29 11:30:00","2016-03-29 15:00:00"
"721","MA3403",1199,1202.5,"2016-03-29 08:00:00","2016-03-29 11:30:00"
"722","EI0302",1202.5,1206,"2016-03-29 11:30:00","2016-03-29 15:00:00"
"723","MW0119",1230,1233.5,"2016-03-30 15:00:00","2016-03-30 18:30:00"
"724","WZ1446",1230,1233.5,"2016-03-30 15:00:00","2016-03-30 18:30:00"
"725","WZ5151",1223,1226.5,"2016-03-30 08:00:00","2016-03-30 11:30:00"
"726","WZ5081",1223,1226.5,"2016-03-30 08:00:00","2016-03-30 11:30:00"
"727","WZ5200",1226.5,1230,"2016-03-30 11:30:00","2016-03-30 15:00:00"
"728","MA1001(v1)",1223,1226.5,"2016-03-30 08:00:00","2016-03-30 11:30:00"
"729","CH0116",1223,1226.5,"2016-03-30 08:00:00","2016-03-30 11:30:00"
"730","PH1001",1226.5,1230,"2016-03-30 11:30:00","2016-03-30 15:00:00"
"731","MA9411",1223,1226.5,"2016-03-30 08:00:00","2016-03-30 11:30:00"
"732","MA4401",1226.5,1230,"2016-03-30 11:30:00","2016-03-30 15:00:00"
"733","CH5032",1226.5,1230,"2016-03-30 11:30:00","2016-03-30 15:00:00"
"734","MA9204",1223,1226.5,"2016-03-30 08:00:00","2016-03-30 11:30:00"
"735","MA9711",1226.5,1230,"2016-03-30 11:30:00","2016-03-30 15:00:00"
"736","MA1001(v2)",1223,1226.5,"2016-03-30 08:00:00","2016-03-30 11:30:00"
"737","IN0037",1226.5,1230,"2016-03-30 11:30:00","2016-03-30 15:00:00"
"738","MA1001",1223,1226.5,"2016-03-30 08:00:00","2016-03-30 11:30:00"
"739","MW2156",1223,1226.5,"2016-03-30 08:00:00","2016-03-30 11:30:00"
"740","MW0050",1223,1226.5,"2016-03-30 08:00:00","2016-03-30 11:30:00"
"741","WZ0141",1226.5,1230,"2016-03-30 11:30:00","2016-03-30 15:00:00"
"742","MA2503",1230,1233.5,"2016-03-30 15:00:00","2016-03-30 18:30:00"
"743","MA4405",1223,1226.5,"2016-03-30 08:00:00","2016-03-30 11:30:00"
"744","IN2021",1226.5,1230,"2016-03-30 11:30:00","2016-03-30 15:00:00"
"745","MW2132",1226.5,1230,"2016-03-30 11:30:00","2016-03-30 15:00:00"
"746","MA9951",1247,1250.5,"2016-03-31 08:00:00","2016-03-31 11:30:00"
"747","MA9201",1247,1250.5,"2016-03-31 08:00:00","2016-03-31 11:30:00"
"748","WZ5029",1247,1250.5,"2016-03-31 08:00:00","2016-03-31 11:30:00"
"749","WZ1447",1254,1257.5,"2016-03-31 15:00:00","2016-03-31 18:30:00"
"750","WZ5010",1247,1250.5,"2016-03-31 08:00:00","2016-03-31 11:30:00"
"751","WZ5309",1247,1250.5,"2016-03-31 08:00:00","2016-03-31 11:30:00"
"752","IN2016",1250.5,1254,"2016-03-31 11:30:00","2016-03-31 15:00:00"
"753","MW0006",1247,1250.5,"2016-03-31 08:00:00","2016-03-31 11:30:00"
"754","PH0016",1250.5,1254,"2016-03-31 11:30:00","2016-03-31 15:00:00"
"755","CH0648",1247,1250.5,"2016-03-31 08:00:00","2016-03-31 11:30:00"
"756","MA5415",1247,1250.5,"2016-03-31 08:00:00","2016-03-31 11:30:00"
"757","PH2155",1250.5,1254,"2016-03-31 11:30:00","2016-03-31 15:00:00"
"758","IN0004",1250.5,1254,"2016-03-31 11:30:00","2016-03-31 15:00:00"
"759","PH2043",1247,1250.5,"2016-03-31 08:00:00","2016-03-31 11:30:00"
"760","MW1920",1247,1250.5,"2016-03-31 08:00:00","2016-03-31 11:30:00"
"761","IN1503",1250.5,1254,"2016-03-31 11:30:00","2016-03-31 15:00:00"
"762","IN2028",1250.5,1254,"2016-03-31 11:30:00","2016-03-31 15:00:00"
"763","IN2060",1254,1257.5,"2016-03-31 15:00:00","2016-03-31 18:30:00"
"764","MA2004",1247,1250.5,"2016-03-31 08:00:00","2016-03-31 11:30:00"
"765","MA3601",1254,1257.5,"2016-03-31 15:00:00","2016-03-31 18:30:00"
"766","EI0308",1247,1250.5,"2016-03-31 08:00:00","2016-03-31 11:30:00"
"767","CH0128",1274.5,1278,"2016-04-01 11:30:00","2016-04-01 15:00:00"
"768","WZ2613",1271,1274.5,"2016-04-01 08:00:00","2016-04-01 11:30:00"
"769","WZ0156",1274.5,1278,"2016-04-01 11:30:00","2016-04-01 15:00:00"
"770","WZ5292",1271,1274.5,"2016-04-01 08:00:00","2016-04-01 11:30:00"
"771","IN2189",1274.5,1278,"2016-04-01 11:30:00","2016-04-01 15:00:00"
"772","WZ5075",1274.5,1278,"2016-04-01 11:30:00","2016-04-01 15:00:00"
"773","WZ5161",1271,1274.5,"2016-04-01 08:00:00","2016-04-01 11:30:00"
"774","IN2259",1278,1281.5,"2016-04-01 15:00:00","2016-04-01 18:30:00"
"775","MW0688",1271,1274.5,"2016-04-01 08:00:00","2016-04-01 11:30:00"
"776","MW0134",1271,1274.5,"2016-04-01 08:00:00","2016-04-01 11:30:00"
"777","IN2067",1274.5,1278,"2016-04-01 11:30:00","2016-04-01 15:00:00"
"778","MA3451",1271,1274.5,"2016-04-01 08:00:00","2016-04-01 11:30:00"
"779","IN0031",1274.5,1278,"2016-04-01 11:30:00","2016-04-01 15:00:00"
"780","PH0014",1274.5,1278,"2016-04-01 11:30:00","2016-04-01 15:00:00"
"781","PH0017",1274.5,1278,"2016-04-01 11:30:00","2016-04-01 15:00:00"
"782","IN0021",1274.5,1278,"2016-04-01 11:30:00","2016-04-01 15:00:00"
"783","MA2101",1278,1281.5,"2016-04-01 15:00:00","2016-04-01 18:30:00"
"784","MW1930",1274.5,1278,"2016-04-01 11:30:00","2016-04-01 15:00:00"
"785","CH0105",1271,1274.5,"2016-04-01 08:00:00","2016-04-01 11:30:00"
"786","MA1304",1271,1274.5,"2016-04-01 08:00:00","2016-04-01 11:30:00"
"787","EI0006",1271,1274.5,"2016-04-01 08:00:00","2016-04-01 11:30:00"
"788","MA4303",1295,1298.5,"2016-04-02 08:00:00","2016-04-02 11:30:00"
"789","IN0008",1298.5,1302,"2016-04-02 11:30:00","2016-04-02 15:00:00"
"790","IN0003",1343,1346.5,"2016-04-04 08:00:00","2016-04-04 11:30:00"
"791","SG5021801",1350,1353.5,"2016-04-04 15:00:00","2016-04-04 18:30:00"
"792","MA3001",1343,1346.5,"2016-04-04 08:00:00","2016-04-04 11:30:00"
"793","MA1101(v1)",1350,1353.5,"2016-04-04 15:00:00","2016-04-04 18:30:00"
"794","PH0006",1346.5,1350,"2016-04-04 11:30:00","2016-04-04 15:00:00"
"795","MA9409",1346.5,1350,"2016-04-04 11:30:00","2016-04-04 15:00:00"
"796","CH0113",1343,1346.5,"2016-04-04 08:00:00","2016-04-04 11:30:00"
"797","CH1091",1343,1346.5,"2016-04-04 08:00:00","2016-04-04 11:30:00"
"798","PH1002",1343,1346.5,"2016-04-04 08:00:00","2016-04-04 11:30:00"
"799","IN2089",1346.5,1350,"2016-04-04 11:30:00","2016-04-04 15:00:00"
"800","MA3305",1343,1346.5,"2016-04-04 08:00:00","2016-04-04 11:30:00"
"801","WZ5004",1343,1346.5,"2016-04-04 08:00:00","2016-04-04 11:30:00"
"802","WZ2179",1346.5,1350,"2016-04-04 11:30:00","2016-04-04 15:00:00"
"803","WZ0143",1350,1353.5,"2016-04-04 15:00:00","2016-04-04 18:30:00"
"804","IN8003",1346.5,1350,"2016-04-04 11:30:00","2016-04-04 15:00:00"
"805","PH9017",1346.5,1350,"2016-04-04 11:30:00","2016-04-04 15:00:00"
"806","SP502101",1346.5,1350,"2016-04-04 11:30:00","2016-04-04 15:00:00"
"807","MA1101",1350,1353.5,"2016-04-04 15:00:00","2016-04-04 18:30:00"
"808","MA1101(v2)",1350,1353.5,"2016-04-04 15:00:00","2016-04-04 18:30:00"
"809","MA3411",1350,1353.5,"2016-04-04 15:00:00","2016-04-04 18:30:00"
"810","EI0306",1343,1346.5,"2016-04-04 08:00:00","2016-04-04 11:30:00"
"811","IN0015",1370.5,1374,"2016-04-05 11:30:00","2016-04-05 15:00:00"
"812","PH0003",1367,1370.5,"2016-04-05 08:00:00","2016-04-05 11:30:00"
"813","PH0019",1367,1370.5,"2016-04-05 08:00:00","2016-04-05 11:30:00"
"814","MW1123",1370.5,1374,"2016-04-05 11:30:00","2016-04-05 15:00:00"
"815","IN2026",1367,1370.5,"2016-04-05 08:00:00","2016-04-05 11:30:00"
"816","WZ0009",1367,1370.5,"2016-04-05 08:00:00","2016-04-05 11:30:00"
"817","WZ0135",1367,1370.5,"2016-04-05 08:00:00","2016-04-05 11:30:00"
"818","IN2064",1370.5,1374,"2016-04-05 11:30:00","2016-04-05 15:00:00"
"819","MA3701",1374,1377.5,"2016-04-05 15:00:00","2016-04-05 18:30:00"
"820","WZ5298",1367,1370.5,"2016-04-05 08:00:00","2016-04-05 11:30:00"
"821","CH0104",1367,1370.5,"2016-04-05 08:00:00","2016-04-05 11:30:00"
"822","WZ2006",1370.5,1374,"2016-04-05 11:30:00","2016-04-05 15:00:00"
"823","MA1401",1370.5,1374,"2016-04-05 11:30:00","2016-04-05 15:00:00"
"824","MA9202",1367,1370.5,"2016-04-05 08:00:00","2016-04-05 11:30:00"
"825","EI0309",1367,1370.5,"2016-04-05 08:00:00","2016-04-05 11:30:00"
"826","IN0033",1367,1370.5,"2016-04-05 08:00:00","2016-04-05 11:30:00"
"827","MA2003",1391,1394.5,"2016-04-06 08:00:00","2016-04-06 11:30:00"
"828","CH61021",1394.5,1398,"2016-04-06 11:30:00","2016-04-06 15:00:00"
"829","IN2157",1394.5,1398,"2016-04-06 11:30:00","2016-04-06 15:00:00"
"830","IN2081",1398,1401.5,"2016-04-06 15:00:00","2016-04-06 18:30:00"
"831","WZ0607",1391,1394.5,"2016-04-06 08:00:00","2016-04-06 11:30:00"
"832","PH1007",1391,1394.5,"2016-04-06 08:00:00","2016-04-06 11:30:00"
"833","CH0127",1394.5,1398,"2016-04-06 11:30:00","2016-04-06 15:00:00"
"834","IN0009",1394.5,1398,"2016-04-06 11:30:00","2016-04-06 15:00:00"
"835","IN8005",1394.5,1398,"2016-04-06 11:30:00","2016-04-06 15:00:00"
"836","CH1020",1394.5,1398,"2016-04-06 11:30:00","2016-04-06 15:00:00"
"837","PH9011",1398,1401.5,"2016-04-06 15:00:00","2016-04-06 18:30:00"
"838","SP502800",1394.5,1398,"2016-04-06 11:30:00","2016-04-06 15:00:00"
"839","MA3502",1398,1401.5,"2016-04-06 15:00:00","2016-04-06 18:30:00"
"840","IN2258",1394.5,1398,"2016-04-06 11:30:00","2016-04-06 15:00:00"
"841","IN2105",1394.5,1398,"2016-04-06 11:30:00","2016-04-06 15:00:00"
"842","IN2062",1391,1394.5,"2016-04-06 08:00:00","2016-04-06 11:30:00"
"843","EI0007",1391,1394.5,"2016-04-06 08:00:00","2016-04-06 11:30:00"
"844","EI0307",1394.5,1398,"2016-04-06 11:30:00","2016-04-06 15:00:00"
"845","WZ5175",1418.5,1422,"2016-04-07 11:30:00","2016-04-07 15:00:00"
"846","IN2005",1418.5,1422,"2016-04-07 11:30:00","2016-04-07 15:00:00"
"847","IN2133",1418.5,1422,"2016-04-07 11:30:00","2016-04-07 15:00:00"
"848","CH5143",1418.5,1422,"2016-04-07 11:30:00","2016-04-07 15:00:00"
"849","WZ0013",1415,1418.5,"2016-04-07 08:00:00","2016-04-07 11:30:00"
"850","IN2078",1418.5,1422,"2016-04-07 11:30:00","2016-04-07 15:00:00"
"851","MA2404",1415,1418.5,"2016-04-07 08:00:00","2016-04-07 11:30:00"
"852","WZ0162",1415,1418.5,"2016-04-07 08:00:00","2016-04-07 11:30:00"
"853","CH0118",1415,1418.5,"2016-04-07 08:00:00","2016-04-07 11:30:00"
"854","IN0002",1418.5,1422,"2016-04-07 11:30:00","2016-04-07 15:00:00"
"855","PH0001",1415,1418.5,"2016-04-07 08:00:00","2016-04-07 11:30:00"
"856","PH9018",1422,1425.5,"2016-04-07 15:00:00","2016-04-07 18:30:00"
"857","MA0902",1415,1418.5,"2016-04-07 08:00:00","2016-04-07 11:30:00"
"858","WZ5015",1418.5,1422,"2016-04-07 11:30:00","2016-04-07 15:00:00"
"859","MA3503",1415,1418.5,"2016-04-07 08:00:00","2016-04-07 11:30:00"
"860","SP502120",1442.5,1446,"2016-04-08 11:30:00","2016-04-08 15:00:00"
"861","MA9611",1442.5,1446,"2016-04-08 11:30:00","2016-04-08 15:00:00"
"862","WZ2519",1439,1442.5,"2016-04-08 08:00:00","2016-04-08 11:30:00"
"863","MA3082",1442.5,1446,"2016-04-08 11:30:00","2016-04-08 15:00:00"
"864","IN2085",1439,1442.5,"2016-04-08 08:00:00","2016-04-08 11:30:00"
"865","IN0034",1442.5,1446,"2016-04-08 11:30:00","2016-04-08 15:00:00"
"866","CH0101",1439,1442.5,"2016-04-08 08:00:00","2016-04-08 11:30:00"
"867","IN8008",1442.5,1446,"2016-04-08 11:30:00","2016-04-08 15:00:00"
"868","MA3703",1442.5,1446,"2016-04-08 11:30:00","2016-04-08 15:00:00"
"869","PH2057",1439,1442.5,"2016-04-08 08:00:00","2016-04-08 11:30:00"
"870","WZ0142-1",1439,1442.5,"2016-04-08 08:00:00","2016-04-08 11:30:00"
"871","MA2203",1439,1442.5,"2016-04-08 08:00:00","2016-04-08 11:30:00"
"872","WZ1820",1439,1442.5,"2016-04-08 08:00:00","2016-04-08 11:30:00"
"873","WZ5282",1439,1442.5,"2016-04-08 08:00:00","2016-04-08 11:30:00"
"874","IN2012",1442.5,1446,"2016-04-08 11:30:00","2016-04-08 15:00:00"
"875","CH0119",1442.5,1446,"2016-04-08 11:30:00","2016-04-08 15:00:00"
"876","MA5417",1463,1466.5,"2016-04-09 08:00:00","2016-04-09 11:30:00"
"877","MA3005",1463,1466.5,"2016-04-09 08:00:00","2016-04-09 11:30:00"
